model,n,r,p,ci_lo,ci_hi
gemini_31_pro,9,-0.0915,0.822118,-0.7123,0.6097
gemma_4_31b,155,0.127,0.115481,-0.0313,0.279
glm_47_flash,44,0.2594,0.089148,-0.0406,0.5165
gpt_54,206,-0.0132,0.850738,-0.1496,0.1237
qwen3_6_27b,44,0.0618,0.692019,-0.2395,0.3522
qwen3_6_35b_a3b,50,0.1511,0.296647,-0.1329,0.4121
_pooled,508,0.0623,0.161056,-0.0248,0.1485
